Daily activity - Mon Nov 10 03:03:21 UTC 2025
Daily activity - Mon Nov 10 09:20:11 UTC 2025
Daily activity - Tue Nov 11 09:18:29 UTC 2025
Daily activity - Wed Nov 12 09:19:26 UTC 2025
Daily activity - Thu Nov 13 09:19:17 UTC 2025
Daily activity - Fri Nov 14 09:18:11 UTC 2025
Daily activity - Sat Nov 15 09:15:02 UTC 2025
Daily activity - Sun Nov 16 09:15:55 UTC 2025
Daily activity - Mon Nov 17 09:21:11 UTC 2025
Daily activity - Tue Nov 18 09:18:48 UTC 2025
Daily activity - Wed Nov 19 09:19:06 UTC 2025
Daily activity - Thu Nov 20 09:18:02 UTC 2025
