Weekly commit 1 - Mon Nov 17 01:21:36 UTC 2025
Weekly commit 2 - Mon Nov 17 01:21:36 UTC 2025
Weekly commit 3 - Mon Nov 17 01:21:36 UTC 2025
Weekly commit 4 - Mon Nov 17 01:21:36 UTC 2025
Weekly commit 5 - Mon Nov 17 01:21:36 UTC 2025
Weekly commit 6 - Mon Nov 17 01:21:36 UTC 2025
Weekly commit 7 - Mon Nov 17 01:21:36 UTC 2025
Weekly commit 8 - Mon Nov 17 01:21:36 UTC 2025
Weekly commit 9 - Mon Nov 17 01:21:36 UTC 2025
Weekly commit 10 - Mon Nov 17 01:21:36 UTC 2025
Weekly commit 1 - Mon Nov 24 01:25:41 UTC 2025
Weekly commit 2 - Mon Nov 24 01:25:41 UTC 2025
Weekly commit 3 - Mon Nov 24 01:25:41 UTC 2025
Weekly commit 4 - Mon Nov 24 01:25:41 UTC 2025
Weekly commit 5 - Mon Nov 24 01:25:41 UTC 2025
Weekly commit 6 - Mon Nov 24 01:25:41 UTC 2025
Weekly commit 7 - Mon Nov 24 01:25:41 UTC 2025
Weekly commit 8 - Mon Nov 24 01:25:41 UTC 2025
Weekly commit 9 - Mon Nov 24 01:25:41 UTC 2025
Weekly commit 10 - Mon Nov 24 01:25:41 UTC 2025
Weekly commit 1 - Mon Dec  1 01:45:26 UTC 2025
Weekly commit 2 - Mon Dec  1 01:45:26 UTC 2025
Weekly commit 3 - Mon Dec  1 01:45:26 UTC 2025
Weekly commit 4 - Mon Dec  1 01:45:26 UTC 2025
Weekly commit 5 - Mon Dec  1 01:45:26 UTC 2025
Weekly commit 6 - Mon Dec  1 01:45:26 UTC 2025
Weekly commit 7 - Mon Dec  1 01:45:26 UTC 2025
Weekly commit 8 - Mon Dec  1 01:45:26 UTC 2025
Weekly commit 9 - Mon Dec  1 01:45:26 UTC 2025
Weekly commit 10 - Mon Dec  1 01:45:27 UTC 2025
Weekly commit 1 - Mon Dec  8 01:23:20 UTC 2025
Weekly commit 2 - Mon Dec  8 01:23:20 UTC 2025
Weekly commit 3 - Mon Dec  8 01:23:20 UTC 2025
Weekly commit 4 - Mon Dec  8 01:23:20 UTC 2025
Weekly commit 5 - Mon Dec  8 01:23:20 UTC 2025
Weekly commit 6 - Mon Dec  8 01:23:20 UTC 2025
Weekly commit 7 - Mon Dec  8 01:23:20 UTC 2025
Weekly commit 8 - Mon Dec  8 01:23:20 UTC 2025
Weekly commit 9 - Mon Dec  8 01:23:20 UTC 2025
Weekly commit 10 - Mon Dec  8 01:23:20 UTC 2025
Weekly commit 1 - Mon Dec 15 01:27:33 UTC 2025
Weekly commit 2 - Mon Dec 15 01:27:33 UTC 2025
Weekly commit 3 - Mon Dec 15 01:27:33 UTC 2025
Weekly commit 4 - Mon Dec 15 01:27:33 UTC 2025
Weekly commit 5 - Mon Dec 15 01:27:33 UTC 2025
Weekly commit 6 - Mon Dec 15 01:27:33 UTC 2025
Weekly commit 7 - Mon Dec 15 01:27:33 UTC 2025
Weekly commit 8 - Mon Dec 15 01:27:33 UTC 2025
Weekly commit 9 - Mon Dec 15 01:27:33 UTC 2025
Weekly commit 10 - Mon Dec 15 01:27:33 UTC 2025
Weekly commit 1 - Mon Dec 22 01:28:48 UTC 2025
Weekly commit 2 - Mon Dec 22 01:28:48 UTC 2025
Weekly commit 3 - Mon Dec 22 01:28:48 UTC 2025
Weekly commit 4 - Mon Dec 22 01:28:48 UTC 2025
Weekly commit 5 - Mon Dec 22 01:28:48 UTC 2025
Weekly commit 6 - Mon Dec 22 01:28:48 UTC 2025
Weekly commit 7 - Mon Dec 22 01:28:48 UTC 2025
Weekly commit 8 - Mon Dec 22 01:28:48 UTC 2025
Weekly commit 9 - Mon Dec 22 01:28:48 UTC 2025
Weekly commit 10 - Mon Dec 22 01:28:48 UTC 2025
Weekly commit 1 - Mon Dec 29 01:42:15 UTC 2025
Weekly commit 2 - Mon Dec 29 01:42:15 UTC 2025
Weekly commit 3 - Mon Dec 29 01:42:15 UTC 2025
Weekly commit 4 - Mon Dec 29 01:42:15 UTC 2025
Weekly commit 5 - Mon Dec 29 01:42:15 UTC 2025
Weekly commit 6 - Mon Dec 29 01:42:15 UTC 2025
Weekly commit 7 - Mon Dec 29 01:42:15 UTC 2025
Weekly commit 8 - Mon Dec 29 01:42:15 UTC 2025
Weekly commit 9 - Mon Dec 29 01:42:15 UTC 2025
Weekly commit 10 - Mon Dec 29 01:42:15 UTC 2025
Weekly commit 1 - Mon Jan  5 01:44:49 UTC 2026
Weekly commit 2 - Mon Jan  5 01:44:49 UTC 2026
Weekly commit 3 - Mon Jan  5 01:44:49 UTC 2026
Weekly commit 4 - Mon Jan  5 01:44:49 UTC 2026
Weekly commit 5 - Mon Jan  5 01:44:49 UTC 2026
Weekly commit 6 - Mon Jan  5 01:44:49 UTC 2026
Weekly commit 7 - Mon Jan  5 01:44:49 UTC 2026
Weekly commit 8 - Mon Jan  5 01:44:49 UTC 2026
Weekly commit 9 - Mon Jan  5 01:44:49 UTC 2026
Weekly commit 10 - Mon Jan  5 01:44:49 UTC 2026
Weekly commit 1 - Mon Jan 12 01:41:47 UTC 2026
Weekly commit 2 - Mon Jan 12 01:41:47 UTC 2026
Weekly commit 3 - Mon Jan 12 01:41:47 UTC 2026
Weekly commit 4 - Mon Jan 12 01:41:47 UTC 2026
Weekly commit 5 - Mon Jan 12 01:41:47 UTC 2026
Weekly commit 6 - Mon Jan 12 01:41:47 UTC 2026
Weekly commit 7 - Mon Jan 12 01:41:47 UTC 2026
Weekly commit 8 - Mon Jan 12 01:41:47 UTC 2026
Weekly commit 9 - Mon Jan 12 01:41:47 UTC 2026
